{
  "swagger" : "2.0",
  "info" : {
    "version" : "1.0",
    "title" : "Customers Service",
    "description" : "Customers Service"
  },
  "host" : "localhost:8081",
  "basePath" : "/",
  "schemes" : [ "http" ],
  "paths" : {
    "/customer/{customer_id}" : {
      "get" : {
        "summary" : "",
        "description" : "",
        "operationId" : "get-customer",
        "consumes" : [ "application/json" ],
        "produces" : [ "application/json" ],
        "parameters" : [ {
          "name" : "customer_id",
          "in" : "path",
          "description" : "",
          "type" : "string",
          "required" : true
        } ],
        "responses" : {
          "200" : {
            "description" : "a Customer to be returned",
            "schema" : {
              "$ref" : "#/definitions/Customer"
            }
          }
        }
      }
    },
    "/customers" : {
      "get" : {
        "summary" : "",
        "description" : "",
        "operationId" : "get-customers",
        "consumes" : [ "application/json" ],
        "produces" : [ "application/json" ],
        "parameters" : [ ],
        "responses" : {
          "200" : {
            "description" : "a Customers to be returned",
            "schema" : {
              "$ref" : "#/definitions/Customers"
            }
          }
        }
      }
    },
    "/getEmail/{customer_id}" : {
      "get" : {
        "summary" : "",
        "description" : "",
        "operationId" : "get-getEmail",
        "consumes" : [ "application/json" ],
        "produces" : [ "application/json" ],
        "parameters" : [ {
          "name" : "customer_id",
          "in" : "path",
          "description" : "",
          "type" : "string",
          "required" : true
        } ],
        "responses" : {
          "200" : {
            "description" : "a CustomerEmail to be returned",
            "schema" : {
              "$ref" : "#/definitions/CustomerEmail"
            }
          }
        }
      }
    }
  },
  "definitions" : {
    "Customers" : {
      "type" : "object",
      "properties" : {
        "Customer" : {
          "type" : "array",
          "items" : {
            "$ref" : "#/definitions/Customer",
            "uniqueItems" : false
          }
        }
      }
    },
    "Customer" : {
      "type" : "object",
      "required" : [ "email_address", "birth_date", "customer_name", "customer_id", "contact_number", "points" ],
      "properties" : {
        "customer_id" : {
          "type" : "integer"
        },
        "customer_name" : {
          "type" : "string"
        },
        "points" : {
          "type" : "integer"
        },
        "birth_date" : {
          "type" : "string"
        },
        "contact_number" : {
          "type" : "integer"
        },
        "email_address" : {
          "type" : "string"
        }
      }
    },
    "CustomerEmail" : {
      "type" : "object",
      "required" : [ "email_address", "customer_name" ],
      "properties" : {
        "customer_name" : {
          "type" : "string"
        },
        "email_address" : {
          "type" : "string"
        }
      }
    }
  }
}