{
    "records": [{
        "name": "Cloud",
        "items": [],
        "url": "https://integration.cloud.tibco.com:443"
    }],
    "resources": [
        {
            "location": "Service Descriptors/product.module.get_inventory-get_inventory.json",
            "type": "generated"
        },
        {
            "location": "Service Descriptors/product.module.get_all-get_all.json",
            "type": "generated"
        },
        {
            "location": "Service Descriptors/product.module.get_product-get_product.json",
            "type": "generated"
        },
        {
            "location": "Service Descriptors/product.module.update_product-udpate_product.json",
            "type": "generated"
        }
    ]
}