{
  "swagger" : "2.0",
  "info" : {
    "version" : "1.0",
    "title" : "Summary about the new REST service.",
    "description" : "Summary about the new REST service."
  },
  "host" : "localhost:8087",
  "basePath" : "/",
  "schemes" : [ "http" ],
  "paths" : {
    "/updateOrder" : {
      "put" : {
        "summary" : "",
        "description" : "",
        "operationId" : "put-resource",
        "consumes" : [ "application/json" ],
        "produces" : [ "application/json" ],
        "parameters" : [ {
          "name" : "body",
          "in" : "body",
          "description" : "",
          "schema" : {
            "$ref" : "#/definitions/Update_Status"
          },
          "required" : true
        } ],
        "responses" : {
          "200" : {
            "description" : "a Update_Status to be returned",
            "schema" : {
              "$ref" : "#/definitions/Update_Status"
            }
          }
        }
      }
    }
  },
  "definitions" : {
    "Update_Status" : {
      "type" : "object",
      "required" : [ "carrier", "order_id", "tracking_id", "status" ],
      "properties" : {
        "order_id" : {
          "type" : "string"
        },
        "status" : {
          "type" : "string"
        },
        "carrier" : {
          "type" : "string"
        },
        "tracking_id" : {
          "type" : "string"
        },
        "last_updated" : {
          "type" : "string"
        }
      }
    }
  }
}