{
  "swagger" : "2.0",
  "info" : {
    "version" : "1.0",
    "title" : "Summary about the new REST service.",
    "description" : "Summary about the new REST service."
  },
  "host" : "localhost:8087",
  "basePath" : "/",
  "schemes" : [ "http" ],
  "paths" : {
    "/getCustIDFromOrder/{order_id}" : {
      "get" : {
        "summary" : "",
        "description" : "",
        "operationId" : "get-getCustIDFromOrder",
        "consumes" : [ "application/json" ],
        "produces" : [ "application/json" ],
        "parameters" : [ {
          "name" : "order_id",
          "in" : "path",
          "description" : "",
          "type" : "string",
          "required" : true
        } ],
        "responses" : {
          "200" : {
            "description" : "a Get_OrderCustID to be returned",
            "schema" : {
              "$ref" : "#/definitions/Get_OrderCustID"
            }
          }
        }
      }
    },
    "/get_all" : {
      "get" : {
        "summary" : "",
        "description" : "",
        "operationId" : "get-get_all",
        "consumes" : [ "application/json" ],
        "produces" : [ "application/json" ],
        "parameters" : [ ],
        "responses" : {
          "200" : {
            "description" : "a Orders to be returned",
            "schema" : {
              "$ref" : "#/definitions/Orders"
            }
          }
        }
      }
    },
    "/shipOrder" : {
      "put" : {
        "summary" : "",
        "description" : "",
        "operationId" : "put-resource",
        "consumes" : [ "application/json" ],
        "produces" : [ "application/json" ],
        "parameters" : [ {
          "name" : "body",
          "in" : "body",
          "description" : "",
          "schema" : {
            "$ref" : "#/definitions/Update_Status"
          },
          "required" : true
        } ],
        "responses" : {
          "200" : {
            "description" : "a Update_Status to be returned",
            "schema" : {
              "$ref" : "#/definitions/Update_Status"
            }
          }
        }
      }
    }
  },
  "definitions" : {
    "Orders" : {
      "type" : "object",
      "properties" : {
        "Get_Order" : {
          "type" : "array",
          "items" : {
            "$ref" : "#/definitions/Get_Order",
            "uniqueItems" : false
          }
        }
      }
    },
    "Get_OrderCustID" : {
      "type" : "object",
      "required" : [ "customer_id" ],
      "properties" : {
        "order_id" : {
          "type" : "string"
        },
        "customer_id" : {
          "type" : "string"
        },
        "status" : {
          "type" : "string"
        }
      }
    },
    "Update_Status" : {
      "type" : "object",
      "required" : [ "carrier", "order_id", "tracking_id", "status" ],
      "properties" : {
        "order_id" : {
          "type" : "string"
        },
        "status" : {
          "type" : "string"
        },
        "carrier" : {
          "type" : "string"
        },
        "tracking_id" : {
          "type" : "string"
        },
        "last_updated" : {
          "type" : "string"
        }
      }
    },
    "Get_Order" : {
      "type" : "object",
      "required" : [ "customer_id" ],
      "properties" : {
        "order_id" : {
          "type" : "string"
        },
        "customer_id" : {
          "type" : "string"
        },
        "status" : {
          "type" : "string"
        }
      }
    }
  }
}