{
  "swagger" : "2.0",
  "info" : {
    "version" : "1.0",
    "title" : "Shipping service",
    "description" : "Shipping service"
  },
  "host" : "localhost:8089",
  "basePath" : "/",
  "schemes" : [ "http" ],
  "paths" : {
    "/logistik/addshipment" : {
      "post" : {
        "summary" : "",
        "description" : "",
        "operationId" : "post-shipment",
        "consumes" : [ "application/json" ],
        "produces" : [ "application/json" ],
        "parameters" : [ {
          "name" : "body",
          "in" : "body",
          "description" : "",
          "schema" : {
            "$ref" : "#/definitions/New_Shipment"
          },
          "required" : true
        } ],
        "responses" : {
          "200" : {
            "description" : "a Shipping to be returned",
            "schema" : {
              "$ref" : "#/definitions/Shipping"
            }
          },
          "201" : {
            "description" : "Created",
            "schema" : {
              "type" : "string"
            }
          }
        }
      }
    },
    "/logistik/allshipments" : {
      "get" : {
        "summary" : "",
        "description" : "",
        "operationId" : "get-logistik-allshipments",
        "consumes" : [ "application/json" ],
        "produces" : [ "application/json" ],
        "parameters" : [ ],
        "responses" : {
          "200" : {
            "description" : "a All_Shipments to be returned",
            "schema" : {
              "$ref" : "#/definitions/All_Shipments"
            },
            "headers" : { }
          }
        }
      }
    },
    "/logistik/getshipment/{tracking_id}" : {
      "get" : {
        "summary" : "",
        "description" : "",
        "operationId" : "get-logistik-getshipment",
        "consumes" : [ "application/json" ],
        "produces" : [ "application/json" ],
        "parameters" : [ {
          "name" : "tracking_id",
          "in" : "path",
          "description" : "",
          "type" : "string",
          "required" : true
        } ],
        "responses" : {
          "200" : {
            "description" : "a Shipping to be returned",
            "schema" : {
              "$ref" : "#/definitions/Shipping"
            },
            "headers" : { }
          }
        }
      }
    }
  },
  "definitions" : {
    "All_Shipments" : {
      "type" : "object",
      "properties" : {
        "Shipping" : {
          "type" : "array",
          "items" : {
            "$ref" : "#/definitions/Shipping",
            "uniqueItems" : false
          }
        }
      }
    },
    "Shipping" : {
      "type" : "object",
      "required" : [ "carrier", "last_updated", "order_id", "tracking_id", "status" ],
      "properties" : {
        "order_id" : {
          "type" : "string"
        },
        "carrier" : {
          "type" : "string"
        },
        "tracking_id" : {
          "type" : "string"
        },
        "last_updated" : {
          "type" : "string"
        },
        "status" : {
          "type" : "string"
        }
      }
    },
    "New_Shipment" : {
      "type" : "object",
      "required" : [ "carrier", "last_updated", "order_id", "tracking_id", "status" ],
      "properties" : {
        "order_id" : {
          "type" : "string"
        },
        "carrier" : {
          "type" : "string"
        },
        "tracking_id" : {
          "type" : "string"
        },
        "last_updated" : {
          "type" : "string"
        },
        "status" : {
          "type" : "string"
        }
      }
    }
  }
}