{
  "swagger" : "2.0",
  "info" : {
    "version" : "1.0",
    "title" : "Summary about the new REST service.",
    "description" : "Summary about the new REST service."
  },
  "host" : "localhost:8083",
  "basePath" : "/",
  "schemes" : [ "http" ],
  "paths" : {
    "/udpate_product" : {
      "put" : {
        "summary" : "",
        "description" : "",
        "operationId" : "put-udpate_product",
        "consumes" : [ "application/json" ],
        "produces" : [ "application/json" ],
        "parameters" : [ {
          "name" : "body",
          "in" : "body",
          "description" : "",
          "schema" : {
            "$ref" : "#/definitions/Product"
          },
          "required" : true
        } ],
        "responses" : {
          "202" : {
            "description" : "Updated",
            "schema" : {
              "type" : "string"
            }
          },
          "200" : {
            "description" : "OK"
          }
        }
      }
    }
  },
  "definitions" : {
    "Product" : {
      "type" : "object",
      "required" : [ "productAvailability", "productID", "productName", "productPrice" ],
      "properties" : {
        "productID" : {
          "type" : "string"
        },
        "productName" : {
          "type" : "string"
        },
        "productPrice" : {
          "type" : "number"
        },
        "productAvailability" : {
          "type" : "integer"
        }
      }
    }
  }
}