{
  "swagger" : "2.0",
  "info" : {
    "version" : "1.0",
    "title" : "Get all records from product database",
    "description" : "Get all records from product database"
  },
  "host" : "localhost:8083",
  "basePath" : "/",
  "schemes" : [ "http" ],
  "paths" : {
    "/get_product" : {
      "get" : {
        "summary" : "",
        "description" : "",
        "operationId" : "get-get_product",
        "consumes" : [ "application/json" ],
        "produces" : [ "application/json" ],
        "parameters" : [ ],
        "responses" : {
          "200" : {
            "description" : "a Product to be returned",
            "schema" : {
              "type" : "array",
              "items" : {
                "$ref" : "#/definitions/Product",
                "uniqueItems" : false
              }
            }
          }
        }
      }
    }
  },
  "definitions" : {
    "Product" : {
      "type" : "object",
      "required" : [ "productAvailability", "productID", "productName", "productPrice" ],
      "properties" : {
        "productID" : {
          "type" : "string"
        },
        "productName" : {
          "type" : "string"
        },
        "productPrice" : {
          "type" : "number"
        },
        "productAvailability" : {
          "type" : "integer"
        }
      }
    }
  }
}