{
  "swagger" : "2.0",
  "info" : {
    "version" : "1.0",
    "title" : "Summary about the new REST service.",
    "description" : "Summary about the new REST service."
  },
  "host" : "localhost:8093",
  "basePath" : "/",
  "schemes" : [ "http" ],
  "paths" : {
    "/paypal_create" : {
      "post" : {
        "summary" : "",
        "description" : "",
        "operationId" : "post-paypal_create",
        "consumes" : [ "application/json" ],
        "produces" : [ "application/json" ],
        "parameters" : [ {
          "name" : "body",
          "in" : "body",
          "description" : "",
          "schema" : {
            "$ref" : "#/definitions/Create"
          },
          "required" : true
        } ],
        "responses" : {
          "200" : {
            "description" : "a return_linkArray to be returned",
            "schema" : {
              "$ref" : "#/definitions/return_linkArray"
            }
          }
        }
      }
    },
    "/paypal_execute2" : {
      "post" : {
        "summary" : "",
        "description" : "",
        "operationId" : "post-paypal_execute2",
        "consumes" : [ "application/json" ],
        "produces" : [ "application/json" ],
        "parameters" : [ {
          "name" : "body",
          "in" : "body",
          "description" : "",
          "schema" : {
            "$ref" : "#/definitions/Execute"
          },
          "required" : true
        } ],
        "responses" : {
          "200" : {
            "description" : "a string to be returned",
            "schema" : {
              "type" : "string"
            }
          }
        }
      }
    }
  },
  "definitions" : {
    "return_linkArray" : {
      "type" : "object",
      "properties" : {
        "return_link" : {
          "type" : "array",
          "items" : {
            "$ref" : "#/definitions/return_link",
            "uniqueItems" : false
          }
        }
      }
    },
    "Execute" : {
      "type" : "object",
      "required" : [ "payer_id" ],
      "properties" : {
        "payer_id" : {
          "type" : "string"
        }
      }
    },
    "Create" : {
      "type" : "object",
      "required" : [ "order_id" ],
      "properties" : {
        "order_id" : {
          "type" : "string"
        }
      }
    },
    "return_link" : {
      "type" : "object",
      "required" : [ "method", "rel", "href" ],
      "properties" : {
        "href" : {
          "type" : "string"
        },
        "rel" : {
          "type" : "string"
        },
        "method" : {
          "type" : "string"
        }
      }
    }
  }
}