{
  "swagger" : "2.0",
  "info" : {
    "version" : "1.0",
    "title" : "Shipping Service",
    "description" : "Shipping Service"
  },
  "host" : "localhost:8080",
  "basePath" : "/",
  "schemes" : [ "http" ],
  "paths" : {
    "/shipping" : {
      "post" : {
        "summary" : "",
        "description" : "",
        "operationId" : "post-shipping",
        "consumes" : [ "application/json" ],
        "produces" : [ "application/json" ],
        "parameters" : [ {
          "name" : "body",
          "in" : "body",
          "description" : "",
          "schema" : {
            "$ref" : "#/definitions/Shipping"
          },
          "required" : true
        } ],
        "responses" : {
          "200" : {
            "description" : "a Shipping to be returned",
            "schema" : {
              "$ref" : "#/definitions/Shipping"
            }
          }
        }
      }
    }
  },
  "definitions" : {
    "Shipping" : {
      "type" : "object",
      "required" : [ "last_updated", "order_id", "tracking_id", "status" ],
      "properties" : {
        "tracking_id" : {
          "type" : "string"
        },
        "order_id" : {
          "type" : "string"
        },
        "last_updated" : {
          "type" : "string"
        },
        "status" : {
          "type" : "string"
        },
        "message" : {
          "type" : "string"
        }
      }
    }
  }
}