{
    "records": [{
        "name": "Cloud",
        "items": [],
        "url": "https://integration.cloud.tibco.com:443"
    }],
    "resources": [
        {
            "location": "Service Descriptors/cart.module.Process-cart_insert.json",
            "type": "generated"
        },
        {
            "location": "Service Descriptors/cart2.module.insert_cart-insert_cart.json",
            "type": "generated"
        },
        {
            "location": "Service Descriptors/cart2.module.delete_cart-Resource.json",
            "type": "generated"
        },
        {
            "location": "Service Descriptors/cart.module.delete_cart-delete-cart.json",
            "type": "generated"
        },
        {
            "location": "Service Descriptors/cart2.module.delete_cart-delete_cart.json",
            "type": "generated"
        },
        {
            "location": "Service Descriptors/cart2.module.get_cart-get_cart.json",
            "type": "generated"
        },
        {
            "location": "Service Descriptors/cart.module.insert_cart-insert_cart.json",
            "type": "generated"
        },
        {
            "location": "Service Descriptors/cart.module.delete_cart-delete_cart.json",
            "type": "generated"
        },
        {
            "location": "Service Descriptors/cart.module.insert_cart_items-insert_cart_items.json",
            "type": "generated"
        },
        {
            "location": "Service Descriptors/cart.module.get_cart-get_cart.json",
            "type": "generated"
        },
        {
            "location": "Service Descriptors/cart.module.update_cart-update_cart.json",
            "type": "generated"
        },
        {
            "location": "Service Descriptors/cart.module.delete_cart_items-delete_cart_items.json",
            "type": "generated"
        }
    ]
}