{"records": [
    {
        "jsonSchemaLocation": "/Cart.module/Service Descriptors/cart.module.insert_cart-insert_cart.json",
        "conversionType": "linked",
        "xsdSchemaTargetNamespace": "http://www.seyforaonline.com/Cart"
    },
    {
        "jsonSchemaLocation": "/Cart.module/Service Descriptors/cart.module.insert_cart_items-insert_cart_items.json",
        "conversionType": "linked",
        "xsdSchemaTargetNamespace": "http://www.seyforaonline.com/Cart"
    },
    {
        "jsonSchemaLocation": "/Cart.module/Service Descriptors/cart.module.insert_cart_items-insert_cart_items.json",
        "conversionType": "linked",
        "xsdSchemaTargetNamespace": "/T1553159226083Converted/SimpleTypesArraysSchema"
    },
    {
        "jsonSchemaLocation": "/Cart.module/Service Descriptors/cart.module.get_cart-get_cart.json",
        "conversionType": "linked",
        "xsdSchemaTargetNamespace": "http://www.seyforaonline.com/Cart"
    },
    {
        "jsonSchemaLocation": "/Cart.module/Service Descriptors/cart.module.update_cart-update_cart.json",
        "conversionType": "linked",
        "xsdSchemaTargetNamespace": "http://www.seyforaonline.com/Cart"
    }
]}