{
  "swagger" : "2.0",
  "info" : {
    "version" : "1.0",
    "title" : "Summary about the new REST service.",
    "description" : "Summary about the new REST service."
  },
  "host" : "localhost:8080",
  "basePath" : "/",
  "schemes" : [ "http" ],
  "paths" : {
    "/resource" : {
      "post" : {
        "summary" : "",
        "description" : "",
        "operationId" : "post-resource",
        "consumes" : [ "application/json" ],
        "produces" : [ "application/json" ],
        "parameters" : [ {
          "name" : "body",
          "in" : "body",
          "description" : "",
          "schema" : {
            "$ref" : "#/definitions/Cart"
          },
          "required" : true
        } ],
        "responses" : {
          "200" : {
            "description" : "OK"
          }
        }
      }
    }
  },
  "definitions" : {
    "Cart" : {
      "type" : "object",
      "required" : [ "productID", "productQty", "productName", "productPrice" ],
      "properties" : {
        "productID" : {
          "type" : "string"
        },
        "productName" : {
          "type" : "string"
        },
        "productPrice" : {
          "type" : "number"
        },
        "productQty" : {
          "type" : "integer"
        }
      }
    }
  }
}