{
  "swagger" : "2.0",
  "info" : {
    "version" : "1.0",
    "title" : "insert into cart table ",
    "description" : "insert into cart table "
  },
  "host" : "localhost:8081",
  "basePath" : "/",
  "schemes" : [ "http" ],
  "paths" : {
    "/insert_cart" : {
      "post" : {
        "summary" : "",
        "description" : "",
        "operationId" : "post-insert_cart",
        "consumes" : [ "application/json" ],
        "produces" : [ "application/json" ],
        "parameters" : [ {
          "name" : "body",
          "in" : "body",
          "description" : "",
          "schema" : {
            "$ref" : "#/definitions/cart"
          },
          "required" : true
        } ],
        "responses" : {
          "201" : {
            "description" : "Created",
            "schema" : {
              "type" : "string"
            }
          },
          "200" : {
            "description" : "OK"
          }
        }
      }
    }
  },
  "definitions" : {
    "cartItems" : {
      "type" : "object",
      "required" : [ "productID", "ID", "productQty", "productName", "productPrice" ],
      "properties" : {
        "ID" : {
          "type" : "integer"
        },
        "productID" : {
          "type" : "integer"
        },
        "productName" : {
          "type" : "string"
        },
        "productPrice" : {
          "type" : "number"
        },
        "productQty" : {
          "type" : "integer"
        }
      }
    },
    "cart" : {
      "type" : "object",
      "required" : [ "total", "currency", "ID", "cartItems", "points" ],
      "properties" : {
        "ID" : {
          "type" : "integer"
        },
        "total" : {
          "type" : "number"
        },
        "currency" : {
          "type" : "string"
        },
        "points" : {
          "type" : "integer"
        },
        "cartItems" : {
          "type" : "array",
          "items" : {
            "$ref" : "#/definitions/cartItems",
            "uniqueItems" : false
          }
        }
      }
    }
  }
}