{
  "swagger" : "2.0",
  "info" : {
    "version" : "1.0",
    "title" : "Summary about the new REST service.",
    "description" : "Summary about the new REST service."
  },
  "host" : "localhost:8081",
  "basePath" : "/",
  "schemes" : [ "http" ],
  "paths" : {
    "/delete_cart_items" : {
      "delete" : {
        "summary" : "",
        "description" : "",
        "operationId" : "delete-delete_cart_items",
        "consumes" : [ "application/json" ],
        "produces" : [ "application/json" ],
        "parameters" : [ ],
        "responses" : {
          "200" : {
            "description" : "OK",
            "headers" : { }
          }
        }
      }
    }
  },
  "definitions" : { }
}