{
    "records": [{
        "name": "Cloud",
        "items": [],
        "url": "https://integration.cloud.tibco.com:443"
    }],
    "resources": [
        {
            "location": "Service Descriptors/admin_order.module.Process-admin_order.json",
            "type": "generated"
        },
        {
            "location": "Service Descriptors/admin_order.module.Process-Order.json",
            "type": "generated"
        },
        {
            "location": "Service Descriptors/admin_order.module.Process-Resource.json",
            "type": "generated"
        },
        {
            "location": "Service Descriptors/admin_order.module.Process-updateOrder.json",
            "type": "generated"
        },
        {
            "location": "Service Descriptors/admin_order.module.Process-shipOrder.json",
            "type": "generated"
        }
    ]
}