{"records": [
    {
        "jsonSchemaLocation": "/Admin_Order.module/Service Descriptors/admin_order.module.Process-admin_order.json",
        "conversionType": "linked",
        "xsdSchemaTargetNamespace": "http://www.seyfora.com/Admin"
    },
    {
        "jsonSchemaLocation": "/Admin_Order.module/Service Descriptors/admin_order.module.Process-Order.json",
        "conversionType": "linked",
        "xsdSchemaTargetNamespace": "http://www.seyfora.com/Admin"
    },
    {
        "jsonSchemaLocation": "/Admin_Order.module/Service Descriptors/admin_order.module.Process-Resource.json",
        "conversionType": "linked",
        "xsdSchemaTargetNamespace": "http://www.seyfora.com/Admin"
    },
    {
        "jsonSchemaLocation": "/Admin_Order.module/Service Descriptors/customers.module.Process-Customers.json",
        "conversionType": "generated",
        "xsdSchemaTargetNamespace": "/T1553680811961Converted/JsonSchema"
    },
    {
        "jsonSchemaLocation": "/Admin_Order.module/Service Descriptors/logistik.module.Process-Logistik.json",
        "conversionType": "generated",
        "xsdSchemaTargetNamespace": "/T1553761076557Converted/JsonSchema"
    }
]}