{"records": [
    {
        "jsonSchemaLocation": "/NEWpayment.module/Service Descriptors/newpayment.module.Process-paypal_create.json",
        "conversionType": "linked",
        "xsdSchemaTargetNamespace": "http://www.amazing.com/Create"
    },
    {
        "jsonSchemaLocation": "/NEWpayment.module/Service Descriptors/newpayment.module.Process-paypal_create.json",
        "conversionType": "linked",
        "xsdSchemaTargetNamespace": "http://www.amazing.com/Execute"
    },
    {
        "jsonSchemaLocation": "/NEWpayment.module/Service Descriptors/cart.module.get_cart-get_cart.json",
        "conversionType": "generated",
        "xsdSchemaTargetNamespace": "/T1554644526215Converted/JsonSchema"
    }
]}