{"records": [
    {
        "jsonSchemaLocation": "/Notifier.module/Service Descriptors/admin_order.module.Process-Resource.json",
        "conversionType": "generated",
        "xsdSchemaTargetNamespace": "/T1553767236242Converted/JsonSchema"
    },
    {
        "jsonSchemaLocation": "/Notifier.module/Service Descriptors/admin_order.module.Process-Resource.json",
        "conversionType": "generated",
        "xsdSchemaTargetNamespace": "/T1553767763059Converted/JsonSchema"
    },
    {
        "jsonSchemaLocation": "/Notifier.module/Service Descriptors/customers.module.Process-Customers.json",
        "conversionType": "generated",
        "xsdSchemaTargetNamespace": "/T1553767818878Converted/JsonSchema"
    }
]}